user_no,product_id,product_name,brand,topcat_name,category_name,price,base_image_url,score_0_100,rank
27,monitor:msi-md271ul-4k-ips-아이에르고-pd65-무결점,MSI MD271UL 4K IPS 아이에르고 PD65 무결점,MSI,Monitor,Monitor,231210.0,https://img.danawa.com/prod_img/500000/583/074/img/32074583_1.jpg?shrink=330:*&_v=20240809112234,100.0,1
27,monitor:asus-rog-strix-xg27ameg-g-하츠네-미쿠-에디션,ASUS ROG STRIX XG27AMEG-G 하츠네 미쿠 에디션,ASUS,Monitor,Monitor,549000.0,https://img.danawa.com/prod_img/500000/745/629/img/101629745_1.jpg?shrink=330:*&_v=20251203112835,92.50464630126953,2
27,laptop:asus-rog-strix-g16-g615lw-s5027-64gb램,ASUS ROG STRIX G16 G615LW-S5027 64GB램,ASUS,Laptop,Laptop,4216080.0,https://img.danawa.com/prod_img/500000/579/533/img/78533579_1.jpg?shrink=330:*&_v=20251111141931,86.4702377319336,3
27,headset:앱코-n500-가상-7-1-enc-초경량-rgb-게이밍-헤드셋,앱코 N500 가상 7.1 ENC 초경량 RGB 게이밍 헤드셋,앱코,Headset,Headset,27500.0,https://img.danawa.com/prod_img/500000/765/522/img/14522765_1.jpg?shrink=330:*&_v=20230518165819,67.07746887207031,4
27,headset:잘만-archer-zm-hps700w,잘만 ARCHER ZM-HPS700W,잘만,Headset,Headset,33470.0,https://img.danawa.com/prod_img/500000/535/519/img/16519535_1.jpg?shrink=330:*&_v=20220427152251,63.211029052734375,5
27,headset:msi-gh50-무선-게이밍-헤드셋,MSI GH50 무선 게이밍 헤드셋,MSI,Headset,Headset,113240.0,https://img.danawa.com/prod_img/500000/605/369/img/33369605_1.jpg?shrink=330:*&_v=20240123174231,61.371124267578125,6
27,headset:cox-ch48-애비에이션-가상-7-1-enc-rgb-진동-게이밍-헤드셋,COX CH48 애비에이션 가상 7.1 ENC RGB 진동 게이밍 헤드셋,COX,Headset,Headset,38900.0,https://img.danawa.com/prod_img/500000/348/602/img/18602348_1.jpg?shrink=330:*&_v=20221227152757,60.29467010498047,7
27,laptop:msi-모던시리즈-모던-14-f1mg-c5-win11,MSI 모던시리즈 모던 14 F1MG-C5 WIN11,MSI,Laptop,Laptop,717510.0,https://img.danawa.com/prod_img/500000/376/500/img/71500376_1.jpg?shrink=330:*&_v=20250408124715,53.32743453979492,8
27,laptop:lg전자-그램-프로360-16t90sp-kd7bk,LG전자 그램 프로360 16T90SP-KD7BK,LG전자,Laptop,Laptop,2477960.0,https://img.danawa.com/prod_img/500000/258/535/img/43535258_1.jpg?shrink=330:*&_v=20250408164450,52.3300895690918,9
27,laptop:asus-expertbook-p1-p1503cva-s70532-win11-16gb램,ASUS ExpertBook P1 P1503CVA-S70532 WIN11 16GB램,ASUS,Laptop,Laptop,607300.0,https://img.danawa.com/prod_img/500000/042/378/img/77378042_1.jpg?shrink=330:*&_v=20251204111314,51.46768569946289,10
27,monitor:한성컴퓨터-tfg27q24p2-qhd-fast-ips-240-게이밍-무결점,한성컴퓨터 TFG27Q24P2 QHD Fast IPS 240 게이밍 무결점,한성컴퓨터,Monitor,Monitor,259000.0,https://img.danawa.com/prod_img/500000/830/702/img/90702830_1.jpg?shrink=330:*&_v=20251030141324,49.28575897216797,11
27,monitor:삼성전자-오디세이-oled-g6-s27dg610,삼성전자 오디세이 OLED G6 S27DG610,삼성전자,Monitor,Monitor,858000.0,https://img.danawa.com/prod_img/500000/525/438/img/68438525_1.jpg?shrink=330:*&_v=20251022102629,49.141849517822266,12
27,headset:razer-kraken,Razer Kraken,Razer,Headset,Headset,119000.0,https://img.danawa.com/prod_img/500000/385/106/img/8106385_1.jpg?shrink=330:*&_v=20240411180253,60.02177047729492,13
27,headset:madcatz-f-r-e-q-2,MadCatz F.R.E.Q.2,MadCatz,Headset,Headset,39000.0,https://img.danawa.com/prod_img/500000/486/265/img/11265486_1.jpg?shrink=330:*&_v=20230818161044,59.89575958251953,14
27,headset:잘만-zm-hps700w-rev-1,잘만 ZM-HPS700W Rev.1,잘만,Headset,Headset,34730.0,https://img.danawa.com/prod_img/500000/823/420/img/28420823_1.jpg?shrink=330:*&_v=20240305134324,55.68857955932617,15
27,headset:cox-wch220-가상-7-1채널-무선-게이밍-헤드셋,COX WCH220 가상 7.1채널 무선 게이밍 헤드셋,COX,Headset,Headset,81340.0,https://img.danawa.com/prod_img/500000/823/507/img/13507823_1.jpg?shrink=330:*&_v=20240604142850,55.019927978515625,16
27,headset:티앤에스인터내셔널-nox-nx-3-plus-가상-7-1채널-rgb-게이밍-헤드셋,티앤에스인터내셔널 NOX NX-3 PLUS 가상 7.1채널 RGB 게이밍 헤드셋,티앤에스인터내셔널,Headset,Headset,41900.0,https://img.danawa.com/prod_img/500000/126/984/img/14984126_1.jpg?shrink=330:*&_v=20210811173809,52.597434997558594,17
27,headset:razer-blackshark-v2-x-usb,Razer BlackShark V2 X USB,Razer,Headset,Headset,85180.0,https://img.danawa.com/prod_img/500000/425/763/img/17763425_1.jpg?shrink=330:*&_v=20220831172546,52.575565338134766,18
27,laptop:msi-소드-gf76-hx-b14wgk-i9-qhd-win11-32gb램,MSI 소드 GF76 HX B14WGK-i9 QHD WIN11 32GB램,MSI,Laptop,Laptop,2390500.0,https://img.danawa.com/prod_img/500000/460/104/img/92104460_1.jpg?shrink=330:*&_v=20250804173316,51.11741256713867,19
27,monitor:삼성전자-s27c310,삼성전자 S27C310,삼성전자,Monitor,Monitor,160630.0,https://img.danawa.com/prod_img/500000/243/211/img/19211243_1.jpg?shrink=330:*&_v=20251208160929,49.061439514160156,20
27,laptop:에이서-스위프트-14-ai-sf14-51-76y4,에이서 스위프트 14 AI SF14-51-76Y4,에이서,Laptop,Laptop,1499000.0,https://img.danawa.com/prod_img/500000/769/973/img/72973769_1.jpg?shrink=330:*&_v=20250724125054,47.61728286743164,21
27,laptop:lg전자-2025-그램-프로17-17z90tp-ga5ck,LG전자 2025 그램 프로17 17Z90TP-GA5CK,LG전자,Laptop,Laptop,1578640.0,https://img.danawa.com/prod_img/500000/608/007/img/74007608_1.jpg?shrink=330:*&_v=20251110103902,47.25541687011719,22
27,laptop:msi-알파-17-c7vg-r9-qhd-win11-64gb램,MSI 알파 17 C7VG-R9 QHD WIN11 64GB램,MSI,Laptop,Laptop,2241990.0,https://img.danawa.com/prod_img/500000/234/674/img/27674234_1.jpg?shrink=330:*&_v=20250204083803,46.419315338134766,23
27,monitor:lg전자-25ms550,LG전자 25MS550,LG전자,Monitor,Monitor,166360.0,https://img.danawa.com/prod_img/500000/096/713/img/57713096_1.jpg?shrink=330:*&_v=20240708164347,45.5059928894043,24
27,monitor:asus-tuf-gaming-vg249qe5a,ASUS TUF Gaming VG249QE5A,ASUS,Monitor,Monitor,119000.0,https://img.danawa.com/prod_img/500000/364/114/img/91114364_1.jpg?shrink=330:*&_v=20250929094821,43.6414909362793,25
27,headset:쿨러마스터-mh630-게이밍-헤드셋,쿨러마스터 MH630 게이밍 헤드셋,쿨러마스터,Headset,Headset,45000.0,https://img.danawa.com/prod_img/500000/503/426/img/15426503_1.jpg?shrink=330:*&_v=20211018094106,43.433082580566406,26
27,monitor:주연테크-세로본능-j28qim-dual,주연테크 세로본능 J28QIM-Dual,주연테크,Monitor,Monitor,649000.0,https://img.danawa.com/prod_img/500000/468/815/img/27815468_1.jpg?shrink=330:*&_v=20251101110449,42.05158233642578,27
27,headset:for-lg-lh-950,For LG LH-950,For,Headset,Headset,12890.0,https://img.danawa.com/prod_img/500000/029/195/img/5195029_1.jpg?shrink=330:*&_v=20250707103932,41.96207809448242,28
27,laptop:lg전자-2025-그램-프로16-16zd90tr-sxswk-win11,LG전자 2025 그램 프로16 16ZD90TR-SXSWK WIN11,LG전자,Laptop,Laptop,2387850.0,https://img.danawa.com/prod_img/500000/121/120/img/97120121_1.jpg?shrink=330:*&_v=20250904131323,41.847747802734375,29
27,laptop:msi-gf시리즈-소드-gf76-a-ai-b8vf-r7,MSI GF시리즈 소드 GF76 A AI B8VF-R7,MSI,Laptop,Laptop,1319000.0,https://img.danawa.com/prod_img/500000/944/995/img/49995944_1.jpg?shrink=330:*&_v=20251203164423,41.57515335083008,30
28,keyboard:한성컴퓨터-bk500-듀얼-무선-멀티페어링-키보드,한성컴퓨터 BK500 듀얼 무선 멀티페어링 키보드,한성컴퓨터,Keyboard,Keyboard,29900.0,https://img.danawa.com/prod_img/500000/312/076/img/13076312_1.jpg?shrink=330:*&_v=20230706081753,100.0,1
28,mouse:마이크로닉스-manic-mg530-rgb-게이밍-마우스,마이크로닉스 MANIC MG530 RGB 게이밍 마우스,마이크로닉스,Mouse,Mouse,14720.0,https://img.danawa.com/prod_img/500000/338/911/img/16911338_1.jpg?shrink=330:*&_v=20220504125734,27.975711822509766,2
28,keyboard:한성컴퓨터-gk893b-sports-영문,한성컴퓨터 GK893B SPORTS 영문,한성컴퓨터,Keyboard,Keyboard,99000.0,https://img.danawa.com/prod_img/500000/447/288/img/17288447_1.jpg?shrink=330:*&_v=20220620170817,27.69856834411621,3
28,keyboard:로지텍-mx-keys-s-정품,로지텍 MX Keys S (정품),로지텍,Keyboard,Keyboard,148990.0,https://img.danawa.com/prod_img/500000/697/437/img/20437697_1.jpg?shrink=330:*&_v=20251112132328,27.204843521118164,4
28,mouse:fantech-hive-ux2,FANTECH HIVE UX2,FANTECH,Mouse,Mouse,21740.0,https://img.danawa.com/prod_img/500000/240/998/img/10998240_1.jpg?shrink=330:*&_v=20200814141730,26.606109619140625,5
28,mouse:쿨러마스터-mm731-gaming-mouse,쿨러마스터 MM731 GAMING MOUSE,쿨러마스터,Mouse,Mouse,61600.0,https://img.danawa.com/prod_img/500000/923/399/img/15399923_1.jpg?shrink=330:*&_v=20211110151242,25.72983169555664,6
28,keyboard:앱코-ak84bt-블루투스-무선-슬림-기계식-화이트-그레이,앱코 AK84BT 블루투스 무선 슬림 기계식 화이트 그레이,앱코,Keyboard,Keyboard,49000.0,https://img.danawa.com/prod_img/500000/133/075/img/73075133_1.jpg?shrink=330:*&_v=20241220164728,25.581268310546875,7
28,mouse:benq-zowie-s1-레드-v2,BenQ ZOWIE S1 레드 V2,BenQ,Mouse,Mouse,79000.0,https://img.danawa.com/prod_img/500000/362/511/img/17511362_1.jpg?shrink=330:*&_v=20220721163710,24.377546310424805,8
28,keyboard:로지텍-mk275-정품,로지텍 MK275 (정품),로지텍,Keyboard,Keyboard,30890.0,https://img.danawa.com/prod_img/500000/134/340/img/4340134_1.jpg?shrink=330:*&_v=20200213103709,24.67458724975586,9
28,mouse:corsair-dark-core-rgb-pro-se,CORSAIR DARK CORE RGB PRO SE,CORSAIR,Mouse,Mouse,151000.0,https://img.danawa.com/prod_img/500000/373/433/img/10433373_1.jpg?shrink=330:*&_v=20221012154830,23.43195152282715,10
28,keyboard:앱코-k640t-slim-축교환-무빙led-텐키리스-기계식-화이트,앱코 K640T SLIM 축교환 무빙LED 텐키리스 기계식 화이트,앱코,Keyboard,Keyboard,28900.0,https://img.danawa.com/prod_img/500000/614/282/img/15282614_1.jpg?shrink=330:*&_v=20240910151922,23.26428985595703,11
28,keyboard:fl-esports-geo75-유무선-기계식-드림-그린,FL-ESPORTS Geo75 유무선 기계식 드림 그린,FL-ESPORTS,Keyboard,Keyboard,115430.0,https://img.danawa.com/prod_img/500000/722/501/img/90501722_1.jpg?shrink=330:*&_v=20251211150018,23.129718780517578,12
28,keyboard:aula-f87-pro-기계식-다크-올리비아-한글,AULA F87 Pro 기계식 다크 올리비아 한글,AULA,Keyboard,Keyboard,47040.0,https://img.danawa.com/prod_img/500000/976/466/img/63466976_1.jpg?shrink=330:*&_v=20251211163910,22.39426040649414,13
28,mouse:asus-rog-strix-impact-iii,ASUS ROG STRIX IMPACT III,ASUS,Mouse,Mouse,57230.0,https://img.danawa.com/prod_img/500000/827/369/img/18369827_1.jpg?shrink=330:*&_v=20250219143209,22.35200309753418,14
28,keyboard:cox-cos600-무선,COX COS600 무선,COX,Keyboard,Keyboard,39000.0,https://img.danawa.com/prod_img/500000/033/886/img/73886033_1.jpg?shrink=330:*&_v=20250106133034,22.214099884033203,15
28,mouse:마이크로닉스-워프-wm1-rgb-게이밍-마우스,마이크로닉스 워프 WM1 RGB 게이밍 마우스,마이크로닉스,Mouse,Mouse,16020.0,https://img.danawa.com/prod_img/500000/250/111/img/16111250_1.jpg?shrink=330:*&_v=20220427111539,22.125707626342773,16
28,mouse:benq-zowie-fk1-c,BenQ ZOWIE FK1+-C,BenQ,Mouse,Mouse,99000.0,https://img.danawa.com/prod_img/500000/147/423/img/17423147_1.jpg?shrink=330:*&_v=20220708125526,21.985836029052734,17
28,keyboard:msi-forge-gk100-콤보-키보드-마우스-세트,MSI FORGE GK100 콤보 키보드 마우스 세트,MSI,Keyboard,Keyboard,28390.0,https://img.danawa.com/prod_img/500000/590/696/img/69696590_1.jpg?shrink=330:*&_v=20250509090950,21.968055725097656,18
28,mouse:로지텍-g502-x-lightspeed,로지텍 G502 X LIGHTSPEED,로지텍,Mouse,Mouse,79000.0,https://img.danawa.com/prod_img/500000/795/864/img/17864795_1.jpg?shrink=330:*&_v=20240409140819,21.765657424926758,19
28,mouse:madcatz-r-a-t-6-plus,MadCatz R.A.T 6 PLUS,MadCatz,Mouse,Mouse,68990.0,https://img.danawa.com/prod_img/500000/667/592/img/10592667_1.jpg?shrink=330:*&_v=20230901104409,20.80712127685547,20
28,mouse:razer-deathadder-v3-pro-white-edition,Razer DeathAdder V3 Pro White Edition,Razer,Mouse,Mouse,120000.0,https://img.danawa.com/prod_img/500000/209/673/img/17673209_1.jpg?shrink=330:*&_v=20250918160321,20.456653594970703,21
28,mouse:글로리어스-model-d-2-pro-유무선,글로리어스 MODEL D 2 PRO 유무선,글로리어스,Mouse,Mouse,134830.0,https://img.danawa.com/prod_img/500000/899/887/img/28887899_1.jpg?shrink=330:*&_v=20231020134142,20.41684341430664,22
28,keyboard:로프리-flow-lite-oe921-유무선-기계식,로프리 FLOW LITE OE921 유무선 기계식,로프리,Keyboard,Keyboard,78900.0,https://img.danawa.com/prod_img/500000/246/006/img/74006246_1.jpg?shrink=330:*&_v=20250108104621,20.131582260131836,23
28,keyboard:발키리-vk-87-merlin-유무선-기계식,발키리 VK-87 MERLIN 유무선 기계식,발키리,Keyboard,Keyboard,79000.0,https://img.danawa.com/prod_img/500000/406/061/img/72061406_1.jpg?shrink=330:*&_v=20241128101448,20.0944766998291,24
28,keyboard:한성컴퓨터-tfg-cloud-max-cl-유무선-기계식-모카코코아,한성컴퓨터 TFG Cloud Max CL 유무선 기계식 모카코코아,한성컴퓨터,Keyboard,Keyboard,99000.0,https://img.danawa.com/prod_img/500000/091/862/img/93862091_1.jpg?shrink=330:*&_v=20250710131906,20.039976119995117,25
28,mouse:benq-zowie-s1-c-유선-마우스,BenQ ZOWIE S1-C 유선 마우스,BenQ,Mouse,Mouse,99000.0,https://img.danawa.com/prod_img/500000/720/599/img/15599720_1.jpg?shrink=330:*&_v=20211104101630,19.634897232055664,26
28,mouse:madcatz-r-a-t-pro-x3,MadCatz R.A.T PRO X3,MadCatz,Mouse,Mouse,219000.0,https://img.danawa.com/prod_img/500000/968/588/img/10588968_1.jpg?shrink=330:*&_v=20200716163532,19.370586395263672,27
28,keyboard:razer-blackwidow-v4-pro-linear-kr,Razer Blackwidow V4 Pro Linear KR,Razer,Keyboard,Keyboard,349000.0,https://img.danawa.com/prod_img/500000/573/109/img/19109573_1.jpg?shrink=330:*&_v=20240708133841,19.3629093170166,28
28,keyboard:cox-cy104k-v2-카일-광축-v2-게이밍-화이트-핑크,COX CY104K V2 카일 광축 V2 게이밍 화이트&핑크,COX,Keyboard,Keyboard,65000.0,https://img.danawa.com/prod_img/500000/948/887/img/90887948_1.jpg?shrink=330:*&_v=20250529091536,18.458524703979492,29
28,mouse:razer-basilisk-v3-x-hyperspeed-무선-블루투스,Razer Basilisk V3 X Hyperspeed 무선 블루투스,Razer,Mouse,Mouse,119000.0,https://img.danawa.com/prod_img/500000/850/969/img/19969850_1.jpg?shrink=330:*&_v=20250918160426,18.34026527404785,30
